-- MySQL dump 10.13  Distrib 8.0.44, for Win64 (x86_64)
--
-- Host: localhost    Database: baccalaureatplus
-- ------------------------------------------------------
-- Server version	8.0.44

/*!40101 SET @OLD_CHARACTER_SET_CLIENT=@@CHARACTER_SET_CLIENT */;
/*!40101 SET @OLD_CHARACTER_SET_RESULTS=@@CHARACTER_SET_RESULTS */;
/*!40101 SET @OLD_COLLATION_CONNECTION=@@COLLATION_CONNECTION */;
/*!50503 SET NAMES utf8 */;
/*!40103 SET @OLD_TIME_ZONE=@@TIME_ZONE */;
/*!40103 SET TIME_ZONE='+00:00' */;
/*!40014 SET @OLD_UNIQUE_CHECKS=@@UNIQUE_CHECKS, UNIQUE_CHECKS=0 */;
/*!40014 SET @OLD_FOREIGN_KEY_CHECKS=@@FOREIGN_KEY_CHECKS, FOREIGN_KEY_CHECKS=0 */;
/*!40101 SET @OLD_SQL_MODE=@@SQL_MODE, SQL_MODE='NO_AUTO_VALUE_ON_ZERO' */;
/*!40111 SET @OLD_SQL_NOTES=@@SQL_NOTES, SQL_NOTES=0 */;

--
-- Table structure for table `categories`
--

DROP TABLE IF EXISTS `categories`;
/*!40101 SET @saved_cs_client     = @@character_set_client */;
/*!50503 SET character_set_client = utf8mb4 */;
CREATE TABLE `categories` (
  `id` int NOT NULL AUTO_INCREMENT,
  `nom` varchar(255) NOT NULL,
  PRIMARY KEY (`id`),
  UNIQUE KEY `nom` (`nom`)
) ENGINE=InnoDB AUTO_INCREMENT=8 DEFAULT CHARSET=utf8mb4 COLLATE=utf8mb4_0900_ai_ci;
/*!40101 SET character_set_client = @saved_cs_client */;

--
-- Dumping data for table `categories`
--

LOCK TABLES `categories` WRITE;
/*!40000 ALTER TABLE `categories` DISABLE KEYS */;
INSERT INTO `categories` VALUES (4,'Animal'),(2,'Fruit'),(3,'Légume'),(7,'Objet'),(5,'Pays'),(1,'Prénom'),(6,'Ville');
/*!40000 ALTER TABLE `categories` ENABLE KEYS */;
UNLOCK TABLES;

--
-- Table structure for table `joueurs`
--

DROP TABLE IF EXISTS `joueurs`;
/*!40101 SET @saved_cs_client     = @@character_set_client */;
/*!50503 SET character_set_client = utf8mb4 */;
CREATE TABLE `joueurs` (
  `id` int NOT NULL AUTO_INCREMENT,
  `mode_jeu` enum('SOLO','MULTIJOUEUR') NOT NULL,
  `prenom` varchar(100) DEFAULT NULL,
  `nom` varchar(100) DEFAULT NULL,
  `nombre_joueurs` int DEFAULT '1',
  `date_creation` timestamp NULL DEFAULT CURRENT_TIMESTAMP,
  PRIMARY KEY (`id`),
  CONSTRAINT `check_mode_solo` CHECK ((((`mode_jeu` = _utf8mb4'SOLO') and (`prenom` is not null) and (`nom` is null)) or ((`mode_jeu` = _utf8mb4'MULTIJOUEUR') and (`nom` is not null) and (`prenom` is null))))
) ENGINE=InnoDB AUTO_INCREMENT=345 DEFAULT CHARSET=utf8mb4 COLLATE=utf8mb4_0900_ai_ci;
/*!40101 SET character_set_client = @saved_cs_client */;

--
-- Dumping data for table `joueurs`
--

LOCK TABLES `joueurs` WRITE;
/*!40000 ALTER TABLE `joueurs` DISABLE KEYS */;
INSERT INTO `joueurs` VALUES (1,'SOLO','Ahmed',NULL,1,'2026-01-10 16:51:57'),(2,'MULTIJOUEUR',NULL,'Équipe Alpha',3,'2026-01-10 16:51:57'),(3,'SOLO','soukaina',NULL,1,'2026-01-10 19:26:11'),(4,'SOLO','soukaina',NULL,1,'2026-01-10 19:26:45'),(5,'SOLO','soukaina',NULL,1,'2026-01-10 19:28:57'),(6,'SOLO','sousou',NULL,1,'2026-01-10 19:57:46'),(7,'SOLO','sousou',NULL,1,'2026-01-10 19:57:48'),(8,'SOLO','sousou',NULL,1,'2026-01-10 19:57:53'),(9,'SOLO','sasi',NULL,1,'2026-01-10 19:57:59'),(10,'SOLO','sasi',NULL,1,'2026-01-10 19:58:58'),(11,'SOLO','didi',NULL,1,'2026-01-10 19:59:24'),(12,'SOLO','didi',NULL,1,'2026-01-10 20:01:29'),(13,'SOLO','didi',NULL,1,'2026-01-10 20:09:59'),(14,'SOLO','didi',NULL,1,'2026-01-10 20:24:45'),(15,'SOLO','leila',NULL,1,'2026-01-10 20:58:25'),(16,'SOLO','leila',NULL,1,'2026-01-10 20:58:28'),(17,'SOLO','leila',NULL,1,'2026-01-10 21:01:01'),(18,'SOLO','salwa',NULL,1,'2026-01-10 21:16:32'),(19,'SOLO','leila',NULL,1,'2026-01-10 21:17:07'),(20,'SOLO','leila',NULL,1,'2026-01-10 21:19:09'),(21,'SOLO','gigi',NULL,1,'2026-01-10 21:24:20'),(22,'SOLO','bella',NULL,1,'2026-01-10 21:25:19'),(23,'SOLO','soso',NULL,1,'2026-01-10 21:33:59'),(24,'SOLO','soso',NULL,1,'2026-01-10 21:35:45'),(25,'SOLO','selena',NULL,1,'2026-01-10 21:49:43'),(26,'SOLO','nini',NULL,1,'2026-01-10 22:20:32'),(27,'SOLO','queen',NULL,1,'2026-01-10 22:32:40'),(28,'SOLO','queen',NULL,1,'2026-01-10 22:33:58'),(29,'SOLO','ben',NULL,1,'2026-01-10 22:37:47'),(30,'SOLO','queen',NULL,1,'2026-01-10 22:38:10'),(31,'SOLO','queen',NULL,1,'2026-01-10 22:39:30'),(32,'SOLO','queen',NULL,1,'2026-01-10 22:45:33'),(33,'SOLO','vava',NULL,1,'2026-01-10 23:11:20'),(34,'SOLO','vava',NULL,1,'2026-01-10 23:32:00'),(35,'MULTIJOUEUR',NULL,'soukaina',2,'2026-01-11 00:14:16'),(36,'MULTIJOUEUR',NULL,'soukaina',2,'2026-01-11 00:16:47'),(37,'MULTIJOUEUR',NULL,'soukaina',2,'2026-01-11 00:16:47'),(38,'MULTIJOUEUR',NULL,'souka',2,'2026-01-11 00:44:10'),(39,'MULTIJOUEUR',NULL,'souka',2,'2026-01-11 00:44:10'),(40,'MULTIJOUEUR',NULL,'gigi',2,'2026-01-11 00:48:02'),(41,'MULTIJOUEUR',NULL,'gigi',2,'2026-01-11 00:48:02'),(42,'MULTIJOUEUR',NULL,'souka',2,'2026-01-11 10:32:46'),(43,'MULTIJOUEUR',NULL,'souka',2,'2026-01-11 10:32:46'),(44,'MULTIJOUEUR',NULL,'souka',2,'2026-01-11 10:32:46'),(45,'MULTIJOUEUR',NULL,'souka',2,'2026-01-11 10:32:46'),(46,'MULTIJOUEUR',NULL,'souka',2,'2026-01-11 10:38:05'),(47,'MULTIJOUEUR',NULL,'souka',2,'2026-01-11 10:38:05'),(48,'MULTIJOUEUR',NULL,'souka',2,'2026-01-11 10:38:06'),(49,'MULTIJOUEUR',NULL,'souka',2,'2026-01-11 10:38:07'),(50,'MULTIJOUEUR',NULL,'souka',2,'2026-01-11 10:40:57'),(51,'MULTIJOUEUR',NULL,'souka',2,'2026-01-11 10:40:57'),(52,'MULTIJOUEUR',NULL,'sakina',2,'2026-01-11 10:50:34'),(53,'MULTIJOUEUR',NULL,'sakina',2,'2026-01-11 10:50:34'),(54,'MULTIJOUEUR',NULL,'jiji',2,'2026-01-11 10:52:33'),(55,'MULTIJOUEUR',NULL,'jiji',2,'2026-01-11 10:58:07'),(56,'MULTIJOUEUR',NULL,'jiji',2,'2026-01-11 10:58:08'),(57,'MULTIJOUEUR',NULL,'amar',2,'2026-01-11 11:01:49'),(58,'MULTIJOUEUR',NULL,'amar',2,'2026-01-11 11:01:49'),(59,'MULTIJOUEUR',NULL,'kiki',2,'2026-01-11 11:04:08'),(60,'MULTIJOUEUR',NULL,'kiki',2,'2026-01-11 11:04:08'),(61,'MULTIJOUEUR',NULL,'kawtar',2,'2026-01-11 11:05:22'),(62,'MULTIJOUEUR',NULL,'kiki',2,'2026-01-11 11:06:44'),(63,'MULTIJOUEUR',NULL,'kiki',2,'2026-01-11 11:07:35'),(64,'MULTIJOUEUR',NULL,'kiki',2,'2026-01-11 11:07:36'),(65,'MULTIJOUEUR',NULL,'zoro',2,'2026-01-11 11:08:45'),(66,'MULTIJOUEUR',NULL,'zoro',2,'2026-01-11 11:08:45'),(67,'MULTIJOUEUR',NULL,'karim',2,'2026-01-11 11:10:03'),(68,'MULTIJOUEUR',NULL,'karim',2,'2026-01-11 11:11:13'),(69,'MULTIJOUEUR',NULL,'karim',2,'2026-01-11 11:11:13'),(70,'MULTIJOUEUR',NULL,'zoro',2,'2026-01-11 11:11:50'),(71,'MULTIJOUEUR',NULL,'souka',2,'2026-01-11 11:14:59'),(72,'MULTIJOUEUR',NULL,'souka',2,'2026-01-11 11:14:59'),(73,'MULTIJOUEUR',NULL,'souka',2,'2026-01-11 11:15:00'),(74,'MULTIJOUEUR',NULL,'souka',2,'2026-01-11 11:15:00'),(75,'MULTIJOUEUR',NULL,'mimi',2,'2026-01-11 11:15:54'),(76,'SOLO','fatima',NULL,1,'2026-01-11 11:25:50'),(77,'MULTIJOUEUR',NULL,'souka',2,'2026-01-11 11:27:20'),(78,'MULTIJOUEUR',NULL,'souka',2,'2026-01-11 11:27:20'),(79,'MULTIJOUEUR',NULL,'souka',2,'2026-01-11 11:34:29'),(80,'MULTIJOUEUR',NULL,'souka',2,'2026-01-11 11:34:29'),(81,'MULTIJOUEUR',NULL,'soukaina',2,'2026-01-11 11:34:47'),(82,'MULTIJOUEUR',NULL,'soukaina',2,'2026-01-11 11:34:47'),(83,'MULTIJOUEUR',NULL,'ahmed',2,'2026-01-11 11:36:08'),(84,'MULTIJOUEUR',NULL,'ahmed',2,'2026-01-11 11:36:08'),(85,'MULTIJOUEUR',NULL,'king',2,'2026-01-11 11:59:49'),(86,'MULTIJOUEUR',NULL,'king',2,'2026-01-11 11:59:49'),(87,'MULTIJOUEUR',NULL,'queeene',2,'2026-01-11 12:00:51'),(88,'MULTIJOUEUR',NULL,'selena',2,'2026-01-11 12:43:26'),(89,'MULTIJOUEUR',NULL,'selena',2,'2026-01-11 12:43:26'),(90,'MULTIJOUEUR',NULL,'selena',2,'2026-01-11 12:46:06'),(91,'MULTIJOUEUR',NULL,'souka',2,'2026-01-11 12:55:32'),(92,'MULTIJOUEUR',NULL,'souka',2,'2026-01-11 12:55:32'),(93,'MULTIJOUEUR',NULL,'souka',2,'2026-01-11 13:00:59'),(94,'MULTIJOUEUR',NULL,'souka',2,'2026-01-11 13:01:10'),(95,'MULTIJOUEUR',NULL,'fr',2,'2026-01-11 13:01:40'),(96,'MULTIJOUEUR',NULL,'fr',2,'2026-01-11 13:01:44'),(97,'MULTIJOUEUR',NULL,'souka',2,'2026-01-11 13:12:20'),(98,'MULTIJOUEUR',NULL,'souka',2,'2026-01-11 13:12:34'),(99,'MULTIJOUEUR',NULL,'ahmed',2,'2026-01-11 13:13:39'),(100,'MULTIJOUEUR',NULL,'sou',2,'2026-01-11 13:19:05'),(101,'MULTIJOUEUR',NULL,'sou',2,'2026-01-11 13:20:34'),(102,'MULTIJOUEUR',NULL,'rara',2,'2026-01-11 13:28:51'),(103,'MULTIJOUEUR',NULL,'rara',2,'2026-01-11 13:28:57'),(104,'MULTIJOUEUR',NULL,'rara',2,'2026-01-11 13:42:35'),(105,'MULTIJOUEUR',NULL,'gigih',2,'2026-01-11 13:43:08'),(106,'MULTIJOUEUR',NULL,'gigih',2,'2026-01-11 13:43:15'),(107,'MULTIJOUEUR',NULL,'nnn',2,'2026-01-11 13:43:33'),(108,'MULTIJOUEUR',NULL,'d',2,'2026-01-11 13:47:23'),(109,'MULTIJOUEUR',NULL,'d',2,'2026-01-11 13:47:28'),(110,'MULTIJOUEUR',NULL,'souka',2,'2026-01-11 13:52:59'),(111,'MULTIJOUEUR',NULL,'souka',2,'2026-01-11 13:53:10'),(112,'MULTIJOUEUR',NULL,'s',2,'2026-01-11 13:56:57'),(113,'MULTIJOUEUR',NULL,'s',2,'2026-01-11 13:57:04'),(114,'MULTIJOUEUR',NULL,'s',2,'2026-01-11 13:58:27'),(115,'MULTIJOUEUR',NULL,'s',2,'2026-01-11 14:10:11'),(116,'MULTIJOUEUR',NULL,'souka',2,'2026-01-11 14:19:30'),(117,'MULTIJOUEUR',NULL,'souka',2,'2026-01-11 14:19:35'),(118,'MULTIJOUEUR',NULL,'manar',2,'2026-01-11 14:20:37'),(119,'MULTIJOUEUR',NULL,'manar',2,'2026-01-11 14:20:37'),(120,'MULTIJOUEUR',NULL,'soukaina',2,'2026-01-11 14:21:14'),(121,'MULTIJOUEUR',NULL,'imane',2,'2026-01-11 14:32:34'),(122,'MULTIJOUEUR',NULL,'imane',2,'2026-01-11 14:32:40'),(123,'MULTIJOUEUR',NULL,'fati',2,'2026-01-11 14:36:22'),(124,'MULTIJOUEUR',NULL,'fati',2,'2026-01-11 14:36:28'),(125,'MULTIJOUEUR',NULL,'oumaima',2,'2026-01-11 14:38:02'),(126,'MULTIJOUEUR',NULL,'imane',2,'2026-01-11 14:49:04'),(127,'MULTIJOUEUR',NULL,'imane',2,'2026-01-11 14:49:53'),(128,'MULTIJOUEUR',NULL,'oumaima',2,'2026-01-11 14:51:41'),(129,'MULTIJOUEUR',NULL,'oumaima',2,'2026-01-11 14:52:33'),(130,'SOLO','soukaina',NULL,1,'2026-01-11 15:07:53'),(131,'SOLO','soukaina',NULL,1,'2026-01-11 15:07:56'),(132,'SOLO','souka',NULL,1,'2026-01-11 15:08:22'),(133,'MULTIJOUEUR',NULL,'soukaina',3,'2026-01-11 15:08:34'),(134,'MULTIJOUEUR',NULL,'soukaina',3,'2026-01-11 15:08:39'),(135,'MULTIJOUEUR',NULL,'oumi',3,'2026-01-11 15:11:42'),(136,'MULTIJOUEUR',NULL,'soukaina',3,'2026-01-11 15:11:43'),(137,'MULTIJOUEUR',NULL,'oumi',3,'2026-01-11 15:12:24'),(138,'MULTIJOUEUR',NULL,'soukaina',2,'2026-01-11 15:18:56'),(139,'MULTIJOUEUR',NULL,'soukaina',2,'2026-01-11 15:18:57'),(140,'MULTIJOUEUR',NULL,'soukaina',2,'2026-01-11 15:18:58'),(141,'MULTIJOUEUR',NULL,'soukaina',2,'2026-01-11 15:19:05'),(142,'MULTIJOUEUR',NULL,'oumaima',2,'2026-01-11 15:21:49'),(143,'MULTIJOUEUR',NULL,'g',2,'2026-01-11 15:26:12'),(144,'MULTIJOUEUR',NULL,'g',2,'2026-01-11 15:26:17'),(145,'MULTIJOUEUR',NULL,'gigi',2,'2026-01-11 15:27:11'),(146,'MULTIJOUEUR',NULL,'souka',2,'2026-01-11 15:49:30'),(147,'MULTIJOUEUR',NULL,'souka',2,'2026-01-11 15:49:30'),(148,'MULTIJOUEUR',NULL,'souka',2,'2026-01-11 15:49:35'),(149,'MULTIJOUEUR',NULL,'greeelnd',2,'2026-01-11 15:50:37'),(150,'MULTIJOUEUR',NULL,'mam',2,'2026-01-11 15:54:14'),(151,'MULTIJOUEUR',NULL,'mam',2,'2026-01-11 15:54:20'),(152,'MULTIJOUEUR',NULL,'mam',2,'2026-01-11 15:54:25'),(153,'MULTIJOUEUR',NULL,'mam',2,'2026-01-11 15:54:32'),(154,'MULTIJOUEUR',NULL,'yy',2,'2026-01-11 15:55:32'),(155,'MULTIJOUEUR',NULL,'soukaina',2,'2026-01-11 16:02:19'),(156,'MULTIJOUEUR',NULL,'soukaina',2,'2026-01-11 16:02:22'),(157,'MULTIJOUEUR',NULL,'soukaina',2,'2026-01-11 16:02:26'),(158,'MULTIJOUEUR',NULL,'amira',2,'2026-01-11 16:04:20'),(159,'SOLO','souka',NULL,1,'2026-01-11 16:07:03'),(160,'MULTIJOUEUR',NULL,'souka',2,'2026-01-11 16:14:06'),(161,'MULTIJOUEUR',NULL,'souka',2,'2026-01-11 16:14:11'),(162,'MULTIJOUEUR',NULL,'souka',2,'2026-01-11 16:22:39'),(163,'MULTIJOUEUR',NULL,'souka',2,'2026-01-11 16:22:45'),(164,'MULTIJOUEUR',NULL,'souka',2,'2026-01-11 16:22:49'),(165,'MULTIJOUEUR',NULL,'soukaina',8,'2026-01-11 16:25:57'),(166,'MULTIJOUEUR',NULL,'soukaina',8,'2026-01-11 16:26:02'),(167,'SOLO','soukaina',NULL,1,'2026-01-11 20:21:01'),(168,'SOLO','soukaina',NULL,1,'2026-01-11 20:21:24'),(169,'MULTIJOUEUR',NULL,'souka',4,'2026-01-11 20:21:51'),(170,'MULTIJOUEUR',NULL,'souka',4,'2026-01-11 20:21:57'),(171,'MULTIJOUEUR',NULL,'souka',4,'2026-01-11 20:22:05'),(172,'MULTIJOUEUR',NULL,'souka',4,'2026-01-11 20:22:10'),(173,'MULTIJOUEUR',NULL,'souka',4,'2026-01-11 20:22:11'),(174,'MULTIJOUEUR',NULL,'souka',4,'2026-01-11 20:22:11'),(175,'MULTIJOUEUR',NULL,'souka',4,'2026-01-11 20:22:12'),(176,'MULTIJOUEUR',NULL,'souka',4,'2026-01-11 20:22:13'),(177,'MULTIJOUEUR',NULL,'souka',4,'2026-01-11 20:22:13'),(178,'MULTIJOUEUR',NULL,'souka',4,'2026-01-11 20:22:14'),(179,'MULTIJOUEUR',NULL,'souka',4,'2026-01-11 20:22:14'),(180,'MULTIJOUEUR',NULL,'souka',4,'2026-01-11 20:22:14'),(181,'MULTIJOUEUR',NULL,'s',2,'2026-01-11 20:22:25'),(182,'MULTIJOUEUR',NULL,'s',2,'2026-01-11 20:22:32'),(183,'SOLO','soukaina',NULL,1,'2026-01-11 20:27:02'),(184,'SOLO','soukaina',NULL,1,'2026-01-11 20:27:17'),(185,'SOLO','soukaina',NULL,1,'2026-01-11 20:27:26'),(186,'SOLO','soukaina',NULL,1,'2026-01-11 20:27:36'),(187,'SOLO','soukaina',NULL,1,'2026-01-11 20:27:56'),(188,'SOLO','soukaina',NULL,1,'2026-01-11 20:29:56'),(189,'SOLO','soukaina',NULL,1,'2026-01-11 20:30:08'),(190,'SOLO','soukaina',NULL,1,'2026-01-11 20:31:00'),(191,'SOLO','soukaina',NULL,1,'2026-01-11 20:31:24'),(192,'SOLO','soukaina',NULL,1,'2026-01-11 20:34:58'),(193,'SOLO','soukaina',NULL,1,'2026-01-11 20:36:18'),(194,'MULTIJOUEUR',NULL,'soukaina',2,'2026-01-11 20:58:35'),(195,'MULTIJOUEUR',NULL,'soukaina',2,'2026-01-11 20:58:41'),(196,'MULTIJOUEUR',NULL,'souka',2,'2026-01-11 20:59:26'),(197,'MULTIJOUEUR',NULL,'soukaina',3,'2026-01-11 21:03:44'),(198,'MULTIJOUEUR',NULL,'soukaina',3,'2026-01-11 21:03:46'),(199,'MULTIJOUEUR',NULL,'souka',2,'2026-01-11 21:04:15'),(200,'MULTIJOUEUR',NULL,'souka',2,'2026-01-11 21:04:25'),(201,'MULTIJOUEUR',NULL,'souka',2,'2026-01-11 21:05:34'),(202,'MULTIJOUEUR',NULL,'souka',2,'2026-01-11 21:05:43'),(203,'MULTIJOUEUR',NULL,'sou',2,'2026-01-11 21:14:31'),(204,'MULTIJOUEUR',NULL,'sou',2,'2026-01-11 21:14:31'),(205,'MULTIJOUEUR',NULL,'sou',2,'2026-01-11 21:14:31'),(206,'MULTIJOUEUR',NULL,'sou',2,'2026-01-11 21:14:32'),(207,'MULTIJOUEUR',NULL,'souka',2,'2026-01-11 21:15:17'),(208,'MULTIJOUEUR',NULL,'souka',2,'2026-01-11 21:15:26'),(209,'MULTIJOUEUR',NULL,'souka',2,'2026-01-11 21:17:17'),(210,'MULTIJOUEUR',NULL,'souka',2,'2026-01-11 21:17:18'),(211,'MULTIJOUEUR',NULL,'souka',2,'2026-01-11 21:17:21'),(212,'MULTIJOUEUR',NULL,'souka',2,'2026-01-11 21:17:23'),(213,'MULTIJOUEUR',NULL,'souka',2,'2026-01-11 21:17:24'),(214,'MULTIJOUEUR',NULL,'souka',2,'2026-01-11 21:17:24'),(215,'MULTIJOUEUR',NULL,'souka',2,'2026-01-11 21:17:24'),(216,'MULTIJOUEUR',NULL,'souka',2,'2026-01-11 21:17:25'),(217,'MULTIJOUEUR',NULL,'souki',2,'2026-01-11 21:18:08'),(218,'MULTIJOUEUR',NULL,'souki',2,'2026-01-11 21:18:22'),(219,'MULTIJOUEUR',NULL,'souki',2,'2026-01-11 21:18:39'),(220,'MULTIJOUEUR',NULL,'souk',2,'2026-01-11 21:24:59'),(221,'MULTIJOUEUR',NULL,'souk',2,'2026-01-11 21:25:06'),(222,'MULTIJOUEUR',NULL,'amira',2,'2026-01-11 21:25:53'),(223,'SOLO','soukaina',NULL,1,'2026-01-11 21:51:52'),(224,'MULTIJOUEUR',NULL,'soukaina',2,'2026-01-11 21:52:04'),(225,'MULTIJOUEUR',NULL,'soukaina',2,'2026-01-11 21:52:09'),(226,'MULTIJOUEUR',NULL,'souka',2,'2026-01-11 22:15:55'),(227,'MULTIJOUEUR',NULL,'souka',2,'2026-01-11 22:15:59'),(228,'MULTIJOUEUR',NULL,'souka',2,'2026-01-11 22:16:01'),(229,'MULTIJOUEUR',NULL,'souka',2,'2026-01-11 22:16:34'),(230,'MULTIJOUEUR',NULL,'souka',2,'2026-01-11 22:16:39'),(231,'SOLO','soukaina',NULL,1,'2026-01-11 22:22:20'),(232,'MULTIJOUEUR',NULL,'souka',2,'2026-01-11 22:22:55'),(233,'MULTIJOUEUR',NULL,'souka',2,'2026-01-11 22:23:01'),(234,'MULTIJOUEUR',NULL,'souka',2,'2026-01-11 22:23:17'),(235,'MULTIJOUEUR',NULL,'souka',2,'2026-01-11 22:23:23'),(236,'MULTIJOUEUR',NULL,'houyam',2,'2026-01-11 22:26:18'),(237,'MULTIJOUEUR',NULL,'houyam',2,'2026-01-11 22:26:18'),(238,'MULTIJOUEUR',NULL,'souka',2,'2026-01-11 22:28:54'),(239,'MULTIJOUEUR',NULL,'souka',2,'2026-01-11 22:29:01'),(240,'MULTIJOUEUR',NULL,'souka',2,'2026-01-11 22:30:29'),(241,'MULTIJOUEUR',NULL,'souka',2,'2026-01-11 22:30:36'),(242,'MULTIJOUEUR',NULL,'jiji',2,'2026-01-11 22:31:28'),(243,'MULTIJOUEUR',NULL,'z',2,'2026-01-11 22:32:15'),(244,'MULTIJOUEUR',NULL,'soukaina',2,'2026-01-11 22:35:51'),(245,'MULTIJOUEUR',NULL,'soukaina',2,'2026-01-11 22:35:58'),(246,'MULTIJOUEUR',NULL,'zoro',2,'2026-01-11 22:37:16'),(247,'SOLO','soukaina',NULL,1,'2026-01-11 22:44:41'),(248,'SOLO','soukaina',NULL,1,'2026-01-11 22:45:07'),(249,'MULTIJOUEUR',NULL,'soukaina',2,'2026-01-11 22:45:19'),(250,'MULTIJOUEUR',NULL,'souka',2,'2026-01-11 22:45:32'),(251,'MULTIJOUEUR',NULL,'souka',2,'2026-01-11 22:45:35'),(252,'MULTIJOUEUR',NULL,'souka',2,'2026-01-11 22:45:42'),(253,'MULTIJOUEUR',NULL,'souka',2,'2026-01-11 22:59:31'),(254,'MULTIJOUEUR',NULL,'souka',2,'2026-01-11 22:59:35'),(255,'SOLO','hihi',NULL,1,'2026-01-11 23:01:00'),(256,'SOLO','hihi',NULL,1,'2026-01-11 23:01:41'),(257,'SOLO','hihi',NULL,1,'2026-01-11 23:01:50'),(258,'MULTIJOUEUR',NULL,'rabia',2,'2026-01-11 23:02:37'),(259,'SOLO','gigi',NULL,1,'2026-01-11 23:16:22'),(260,'SOLO','soukaina',NULL,1,'2026-01-11 23:49:19'),(261,'SOLO','soukaina',NULL,1,'2026-01-11 23:49:21'),(262,'SOLO','soukaina',NULL,1,'2026-01-11 23:49:28'),(263,'SOLO','soukaina',NULL,1,'2026-01-11 23:50:27'),(264,'SOLO','soukaina',NULL,1,'2026-01-11 23:52:13'),(265,'MULTIJOUEUR',NULL,'soukaina',2,'2026-01-11 23:52:45'),(266,'MULTIJOUEUR',NULL,'soukaina',2,'2026-01-11 23:52:51'),(267,'MULTIJOUEUR',NULL,'houyam',2,'2026-01-11 23:54:59'),(268,'SOLO','souka',NULL,1,'2026-01-11 23:55:49'),(269,'SOLO','souka',NULL,1,'2026-01-11 23:57:52'),(270,'MULTIJOUEUR',NULL,'fr',2,'2026-01-11 23:58:01'),(271,'MULTIJOUEUR',NULL,'fr',2,'2026-01-11 23:58:05'),(272,'MULTIJOUEUR',NULL,'s',2,'2026-01-12 00:10:35'),(273,'SOLO','soukaina',NULL,1,'2026-01-12 10:46:12'),(274,'SOLO','amira',NULL,1,'2026-01-12 10:48:56'),(275,'SOLO','amira',NULL,1,'2026-01-12 10:49:03'),(276,'SOLO','amira',NULL,1,'2026-01-12 10:49:09'),(277,'SOLO','amira',NULL,1,'2026-01-12 10:50:00'),(278,'MULTIJOUEUR',NULL,'soukaina',2,'2026-01-12 10:50:24'),(279,'MULTIJOUEUR',NULL,'soukaina',2,'2026-01-12 10:50:38'),(280,'SOLO','amira',NULL,1,'2026-01-12 14:00:11'),(281,'SOLO','amira',NULL,1,'2026-01-12 14:00:14'),(282,'SOLO','amira',NULL,1,'2026-01-12 14:00:24'),(283,'SOLO','soukaina',NULL,1,'2026-01-12 14:01:01'),(284,'SOLO','soukaina',NULL,1,'2026-01-12 14:01:04'),(285,'SOLO','suka',NULL,1,'2026-01-12 14:01:18'),(286,'SOLO','v',NULL,1,'2026-01-12 14:22:41'),(287,'SOLO','v',NULL,1,'2026-01-12 14:22:46'),(288,'SOLO','v',NULL,1,'2026-01-12 14:22:49'),(289,'SOLO','v',NULL,1,'2026-01-12 14:23:03'),(290,'SOLO','v',NULL,1,'2026-01-12 14:23:22'),(291,'SOLO','v',NULL,1,'2026-01-12 14:23:34'),(292,'SOLO','v',NULL,1,'2026-01-12 14:24:11'),(293,'SOLO','v',NULL,1,'2026-01-12 14:24:39'),(294,'MULTIJOUEUR',NULL,'s',2,'2026-01-14 12:02:28'),(295,'MULTIJOUEUR',NULL,'nh',2,'2026-01-14 12:03:25'),(296,'SOLO','s',NULL,1,'2026-01-14 12:04:50'),(297,'SOLO','s',NULL,1,'2026-01-14 12:04:52'),(298,'MULTIJOUEUR',NULL,'j',2,'2026-01-14 12:04:59'),(299,'MULTIJOUEUR',NULL,'j',2,'2026-01-14 12:04:59'),(300,'MULTIJOUEUR',NULL,'C',3,'2026-01-14 12:06:11'),(301,'MULTIJOUEUR',NULL,'j',2,'2026-01-14 12:17:35'),(302,'MULTIJOUEUR',NULL,'v',2,'2026-01-14 12:20:33'),(303,'MULTIJOUEUR',NULL,'s',2,'2026-01-14 12:22:16'),(304,'MULTIJOUEUR',NULL,'s',2,'2026-01-14 12:22:25'),(305,'SOLO','s',NULL,1,'2026-01-14 12:46:58'),(306,'SOLO','s',NULL,1,'2026-01-14 12:47:02'),(307,'MULTIJOUEUR',NULL,'w2',2,'2026-01-14 12:47:17'),(308,'MULTIJOUEUR',NULL,'w2',2,'2026-01-14 12:47:17'),(309,'SOLO','s',NULL,1,'2026-01-14 12:49:05'),(310,'SOLO','s',NULL,1,'2026-01-14 12:49:07'),(311,'MULTIJOUEUR',NULL,'s',2,'2026-01-14 12:49:14'),(312,'SOLO','s',NULL,1,'2026-01-14 12:50:33'),(313,'SOLO','s',NULL,1,'2026-01-14 12:50:35'),(314,'MULTIJOUEUR',NULL,'s',2,'2026-01-14 12:51:18'),(315,'MULTIJOUEUR',NULL,'s',2,'2026-01-14 12:58:56'),(316,'MULTIJOUEUR',NULL,'h',2,'2026-01-14 12:59:22'),(317,'SOLO','s',NULL,1,'2026-01-14 13:00:09'),(318,'SOLO','s',NULL,1,'2026-01-14 13:00:19'),(319,'SOLO','soukaina',NULL,1,'2026-01-14 13:02:01'),(320,'SOLO','soukaina',NULL,1,'2026-01-14 13:02:29'),(321,'SOLO','soukaina',NULL,1,'2026-01-14 13:03:17'),(322,'SOLO','soukaina',NULL,1,'2026-01-14 13:03:20'),(323,'SOLO','soukaina',NULL,1,'2026-01-14 13:03:42'),(324,'SOLO','s',NULL,1,'2026-01-14 13:03:52'),(325,'SOLO','s',NULL,1,'2026-01-14 13:05:58'),(326,'MULTIJOUEUR',NULL,'soukaina',2,'2026-01-14 13:06:15'),(327,'MULTIJOUEUR',NULL,'s',2,'2026-01-14 13:09:00'),(328,'MULTIJOUEUR',NULL,'s',2,'2026-01-14 13:14:13'),(329,'MULTIJOUEUR',NULL,'s',2,'2026-01-14 13:14:42'),(330,'MULTIJOUEUR',NULL,'zineb',2,'2026-01-14 13:15:12'),(331,'MULTIJOUEUR',NULL,'s',2,'2026-01-14 13:16:54'),(332,'MULTIJOUEUR',NULL,'z',2,'2026-01-14 13:17:34'),(333,'MULTIJOUEUR',NULL,'s',2,'2026-01-14 13:24:55'),(334,'MULTIJOUEUR',NULL,'e',2,'2026-01-14 13:25:26'),(335,'SOLO','s',NULL,1,'2026-01-14 13:26:34'),(336,'SOLO','s',NULL,1,'2026-01-14 13:26:41'),(337,'SOLO','amiras',NULL,1,'2026-01-14 14:49:32'),(338,'SOLO','amiras',NULL,1,'2026-01-14 14:49:34'),(339,'SOLO','amiras',NULL,1,'2026-01-14 14:50:04'),(340,'MULTIJOUEUR',NULL,'s',3,'2026-01-14 14:50:14'),(341,'MULTIJOUEUR',NULL,'manar',3,'2026-01-14 14:50:37'),(342,'MULTIJOUEUR',NULL,'farida',2,'2026-01-14 14:51:48'),(343,'MULTIJOUEUR',NULL,'margarita',2,'2026-01-14 14:52:45'),(344,'SOLO','sa',NULL,1,'2026-01-14 14:53:16');
/*!40000 ALTER TABLE `joueurs` ENABLE KEYS */;
UNLOCK TABLES;

--
-- Table structure for table `mots_valides`
--

DROP TABLE IF EXISTS `mots_valides`;
/*!40101 SET @saved_cs_client     = @@character_set_client */;
/*!50503 SET character_set_client = utf8mb4 */;
CREATE TABLE `mots_valides` (
  `id` int NOT NULL AUTO_INCREMENT,
  `mot` varchar(255) NOT NULL,
  `id_categorie` int DEFAULT NULL,
  PRIMARY KEY (`id`),
  KEY `id_categorie` (`id_categorie`),
  CONSTRAINT `mots_valides_ibfk_1` FOREIGN KEY (`id_categorie`) REFERENCES `categories` (`id`) ON DELETE CASCADE
) ENGINE=InnoDB DEFAULT CHARSET=utf8mb4 COLLATE=utf8mb4_0900_ai_ci;
/*!40101 SET character_set_client = @saved_cs_client */;

--
-- Dumping data for table `mots_valides`
--

LOCK TABLES `mots_valides` WRITE;
/*!40000 ALTER TABLE `mots_valides` DISABLE KEYS */;
/*!40000 ALTER TABLE `mots_valides` ENABLE KEYS */;
UNLOCK TABLES;

--
-- Table structure for table `multiplayer`
--

DROP TABLE IF EXISTS `multiplayer`;
/*!40101 SET @saved_cs_client     = @@character_set_client */;
/*!50503 SET character_set_client = utf8mb4 */;
CREATE TABLE `multiplayer` (
  `id` int NOT NULL AUTO_INCREMENT,
  `code_session` varchar(50) CHARACTER SET utf8mb4 COLLATE utf8mb4_unicode_ci NOT NULL,
  `nb_joueur` int NOT NULL,
  `date_creation` datetime DEFAULT CURRENT_TIMESTAMP,
  `host_id` int NOT NULL,
  `lettre` varchar(1) CHARACTER SET utf8mb4 COLLATE utf8mb4_unicode_ci DEFAULT NULL,
  PRIMARY KEY (`id`),
  CONSTRAINT `chk_nb_joueur` CHECK (((`nb_joueur` >= 2) and (`nb_joueur` <= 8)))
) ENGINE=InnoDB AUTO_INCREMENT=103 DEFAULT CHARSET=utf8mb4 COLLATE=utf8mb4_unicode_ci;
/*!40101 SET character_set_client = @saved_cs_client */;

--
-- Dumping data for table `multiplayer`
--

LOCK TABLES `multiplayer` WRITE;
/*!40000 ALTER TABLE `multiplayer` DISABLE KEYS */;
INSERT INTO `multiplayer` VALUES (1,'YYDTXL',2,'2026-01-11 01:44:10',38,NULL),(2,'OVL58L',2,'2026-01-11 01:48:03',40,NULL),(3,'6KXSHF',2,'2026-01-11 11:32:46',42,NULL),(4,'33GGE5',2,'2026-01-11 11:32:46',44,NULL),(5,'NHTGKC',2,'2026-01-11 11:38:06',46,NULL),(6,'PWFY7R',2,'2026-01-11 11:38:07',48,NULL),(7,'QPU17Z',2,'2026-01-11 11:40:58',50,NULL),(8,'7VM3L7',2,'2026-01-11 11:50:34',52,'E'),(9,'YHX41T',2,'2026-01-11 11:58:08',55,'B'),(10,'600RPZ',2,'2026-01-11 12:01:50',57,'P'),(11,'IGLGFG',2,'2026-01-11 12:04:08',59,'C'),(12,'FUN4MO',2,'2026-01-11 12:07:36',63,'E'),(13,'ZF5VB8',2,'2026-01-11 12:08:45',65,'F'),(14,'9Y85Y1',2,'2026-01-11 12:11:13',68,'V'),(15,'2QWJO7',2,'2026-01-11 12:15:00',71,'E'),(16,'QJFMMX',2,'2026-01-11 12:15:00',73,'W'),(17,'GQIQPU',2,'2026-01-11 12:27:21',77,'F'),(18,'CH9471',2,'2026-01-11 12:34:29',79,'Y'),(19,'4WM3GK',2,'2026-01-11 12:34:48',81,'F'),(20,'DZ6YEH',2,'2026-01-11 12:59:49',85,'U'),(21,'P3G68Q',2,'2026-01-11 13:43:27',88,'Q'),(22,'GFZQFQ',2,'2026-01-11 13:55:33',91,'K'),(23,'2MFJZB',2,'2026-01-11 14:01:00',93,'A'),(24,'3JFX47',2,'2026-01-11 14:01:40',95,'U'),(25,'X5YT9R',2,'2026-01-11 14:01:44',96,'D'),(26,'ZLNKM7',2,'2026-01-11 14:12:21',97,'I'),(27,'5WXSXL',2,'2026-01-11 14:19:06',100,'J'),(28,'FGF95G',2,'2026-01-11 14:28:52',102,'G'),(29,'U8RUQ5',2,'2026-01-11 14:42:35',104,'G'),(30,'7SHGY4',2,'2026-01-11 14:43:09',105,'T'),(31,'ACX48Y',2,'2026-01-11 14:47:24',108,'S'),(32,'LMLSJ9',2,'2026-01-11 14:53:00',110,'U'),(33,'TSTTXN',2,'2026-01-11 14:56:58',112,'J'),(34,'5AKUQS',2,'2026-01-11 15:19:31',116,'D'),(35,'TXYA6Q',2,'2026-01-11 15:20:37',118,'Y'),(36,'2C5P9J',2,'2026-01-11 15:20:38',119,'V'),(37,'XCQOZO',2,'2026-01-11 15:32:35',121,'D'),(38,'TMIX2E',2,'2026-01-11 15:36:22',123,'O'),(39,'CLLUNQ',2,'2026-01-11 15:49:05',126,'T'),(40,'NBI1VT',3,'2026-01-11 16:08:34',133,'Q'),(41,'5LS8QD',2,'2026-01-11 16:18:57',138,'Y'),(42,'IJWGL4',2,'2026-01-11 16:18:58',139,'K'),(43,'XZ8DD0',2,'2026-01-11 16:18:59',140,'E'),(44,'KSK4HN',2,'2026-01-11 16:26:13',143,'O'),(45,'3QNNUA',2,'2026-01-11 16:49:30',146,'D'),(46,'HN0GAK',2,'2026-01-11 16:49:31',147,'P'),(47,'SO7FNO',2,'2026-01-11 16:54:15',150,'M'),(48,'FO2UD9',2,'2026-01-11 16:54:20',151,'Y'),(49,'D16TRS',2,'2026-01-11 16:54:26',152,'E'),(50,'857YL4',2,'2026-01-11 17:02:19',155,'A'),(51,'U8JTSO',2,'2026-01-11 17:02:22',156,'E'),(52,'GR3NX3',2,'2026-01-11 17:14:07',160,'F'),(53,'9CPFFP',2,'2026-01-11 17:22:39',162,'P'),(54,'2OGDPU',8,'2026-01-11 17:25:58',165,'A'),(55,'61XPRF',4,'2026-01-11 21:21:52',169,'Z'),(56,'M07PDZ',2,'2026-01-11 21:22:25',181,'D'),(57,'TXFOOB',2,'2026-01-11 21:58:35',194,'T'),(58,'1KANRQ',2,'2026-01-11 21:59:27',196,'Q'),(59,'4BCLYD',3,'2026-01-11 22:03:46',197,'I'),(60,'7XP4GA',3,'2026-01-11 22:03:47',198,'G'),(61,'MQTFWQ',2,'2026-01-11 22:04:17',199,'D'),(62,'ZA9G5G',2,'2026-01-11 22:05:35',201,'S'),(63,'KG90LH',2,'2026-01-11 22:15:17',207,'P'),(64,'XYZFC2',2,'2026-01-11 22:17:26',216,'O'),(65,'I9KEB2',2,'2026-01-11 22:18:22',218,'F'),(66,'N3B76A',2,'2026-01-11 22:25:00',220,'F'),(67,'BPP8KE',2,'2026-01-11 22:52:05',224,'I'),(68,'K93W9U',2,'2026-01-11 23:15:55',226,'N'),(69,'O1YBCB',2,'2026-01-11 23:16:35',229,'W'),(70,'MKVPMW',2,'2026-01-11 23:22:55',232,'G'),(71,'SPEZV1',2,'2026-01-11 23:23:18',234,'J'),(72,'SYEMX8',2,'2026-01-11 23:28:55',238,'K'),(73,'MFC7X0',2,'2026-01-11 23:30:30',240,'N'),(74,'X8NGGC',2,'2026-01-11 23:35:52',244,'O'),(75,'JSG4BX',2,'2026-01-11 23:45:20',249,'G'),(76,'S7A4XN',2,'2026-01-11 23:45:32',250,'H'),(77,'D0YXYT',2,'2026-01-11 23:45:36',251,'J'),(78,'C3K0UO',2,'2026-01-11 23:59:32',253,'B'),(79,'UPN2J5',2,'2026-01-12 00:52:46',265,'G'),(80,'LETLON',2,'2026-01-12 00:58:01',270,'F'),(81,'EDRDMI',2,'2026-01-12 11:50:25',278,'Z'),(82,'Y14TZH',2,'2026-01-14 13:02:29',294,'S'),(83,'EHSW5E',2,'2026-01-14 13:03:26',295,'F'),(84,'4DB0FM',2,'2026-01-14 13:04:59',298,'F'),(85,'RH493T',2,'2026-01-14 13:05:00',299,'D'),(86,'EYP0LR',3,'2026-01-14 12:58:28',300,'B'),(87,'90K4UN',2,'2026-01-14 13:17:35',301,'R'),(88,'GF3AGE',2,'2026-01-14 13:20:34',302,'S'),(89,'TZ3DHG',2,'2026-01-14 13:14:37',303,'P'),(90,'NP7PFL',2,'2026-01-14 13:14:47',304,'Y'),(91,'AKFCLV',2,'2026-01-14 13:47:18',307,'S'),(92,'6YX0E9',2,'2026-01-14 13:47:18',308,'E'),(93,'44PUEZ',2,'2026-01-14 13:49:15',311,'X'),(94,'NNHI8W',2,'2026-01-14 13:51:18',314,'D'),(95,'XNQUST',2,'2026-01-14 13:58:57',315,'E'),(96,'3CEB6N',2,'2026-01-14 14:06:16',326,'D'),(97,'ZQQ7TQ',2,'2026-01-14 14:14:14',328,'D'),(98,'SWOUG3',2,'2026-01-14 14:14:42',329,'F'),(99,'JV6JPJ',2,'2026-01-14 14:16:55',331,'T'),(100,'LAKO1S',2,'2026-01-14 14:24:56',333,'Q'),(101,'QS5AIO',3,'2026-01-14 15:50:15',340,'M'),(102,'X0F80P',2,'2026-01-14 15:51:49',342,'Z');
/*!40000 ALTER TABLE `multiplayer` ENABLE KEYS */;
UNLOCK TABLES;

--
-- Table structure for table `scores`
--

DROP TABLE IF EXISTS `scores`;
/*!40101 SET @saved_cs_client     = @@character_set_client */;
/*!50503 SET character_set_client = utf8mb4 */;
CREATE TABLE `scores` (
  `id` int NOT NULL AUTO_INCREMENT,
  `id_joueur` int NOT NULL,
  `code_session` varchar(50) DEFAULT NULL,
  `score` int NOT NULL,
  `lettre` char(1) NOT NULL,
  `temps_seconde` int NOT NULL,
  `date_partie` timestamp NULL DEFAULT CURRENT_TIMESTAMP,
  PRIMARY KEY (`id`),
  KEY `id_joueur` (`id_joueur`),
  CONSTRAINT `scores_ibfk_1` FOREIGN KEY (`id_joueur`) REFERENCES `joueurs` (`id`) ON DELETE CASCADE
) ENGINE=InnoDB AUTO_INCREMENT=119 DEFAULT CHARSET=utf8mb4 COLLATE=utf8mb4_0900_ai_ci;
/*!40101 SET character_set_client = @saved_cs_client */;

--
-- Dumping data for table `scores`
--

LOCK TABLES `scores` WRITE;
/*!40000 ALTER TABLE `scores` DISABLE KEYS */;
INSERT INTO `scores` VALUES (1,3,NULL,50,'F',30,'2026-01-10 19:26:41'),(2,4,NULL,0,'O',120,'2026-01-10 19:28:45'),(3,6,NULL,0,'Y',0,'2026-01-10 19:57:46'),(4,7,NULL,0,'B',2,'2026-01-10 19:57:51'),(5,9,NULL,10,'Q',45,'2026-01-10 19:58:48'),(6,11,NULL,20,'V',120,'2026-01-10 20:01:24'),(7,12,NULL,20,'N',76,'2026-01-10 20:02:46'),(8,13,NULL,30,'O',82,'2026-01-10 20:11:22'),(9,14,NULL,20,'F',66,'2026-01-10 20:25:53'),(10,15,NULL,0,'Z',0,'2026-01-10 20:58:26'),(11,16,NULL,50,'O',61,'2026-01-10 20:59:30'),(12,17,NULL,50,'P',80,'2026-01-10 21:02:22'),(13,18,NULL,60,'V',88,'2026-01-10 21:18:02'),(14,19,NULL,0,'B',120,'2026-01-10 21:19:07'),(15,20,NULL,0,'K',120,'2026-01-10 21:21:09'),(16,22,NULL,50,'N',75,'2026-01-10 21:26:35'),(17,23,NULL,60,'S',74,'2026-01-10 21:35:15'),(18,24,NULL,50,'D',71,'2026-01-10 21:36:59'),(19,25,NULL,60,'N',72,'2026-01-10 21:50:57'),(20,26,NULL,50,'K',78,'2026-01-10 22:21:51'),(21,27,NULL,70,'S',75,'2026-01-10 22:33:56'),(22,28,NULL,60,'U',81,'2026-01-10 22:35:20'),(23,30,NULL,60,'N',69,'2026-01-10 22:39:20'),(24,31,NULL,0,'Z',120,'2026-01-10 22:41:30'),(25,33,NULL,60,'G',71,'2026-01-10 23:12:32'),(26,115,'TSTTXN',10,'J',0,'2026-01-11 14:10:26'),(27,117,'5AKUQS',30,'D',0,'2026-01-11 14:20:00'),(28,120,'5AKUQS',40,'D',0,'2026-01-11 14:22:39'),(29,122,'XCQOZO',60,'D',0,'2026-01-11 14:33:44'),(30,124,'TMIX2E',70,'O',0,'2026-01-11 14:37:27'),(31,125,'TMIX2E',30,'O',0,'2026-01-11 14:38:24'),(32,127,'CLLUNQ',70,'T',0,'2026-01-11 14:50:52'),(33,128,'CLLUNQ',30,'T',0,'2026-01-11 14:52:11'),(34,129,'CLLUNQ',30,'T',0,'2026-01-11 14:52:53'),(35,130,NULL,0,'S',0,'2026-01-11 15:07:53'),(36,134,'NBI1VT',20,'Q',0,'2026-01-11 15:10:12'),(37,136,'NBI1VT',0,'Q',0,'2026-01-11 15:14:52'),(38,136,'NBI1VT',10,'Q',0,'2026-01-11 15:15:11'),(39,141,'XZ8DD0',60,'E',0,'2026-01-11 15:20:34'),(40,142,'XZ8DD0',60,'E',0,'2026-01-11 15:22:48'),(41,144,'KSK4HN',10,'O',0,'2026-01-11 15:26:38'),(42,145,'KSK4HN',40,'O',0,'2026-01-11 15:27:49'),(43,148,'HN0GAK',20,'P',0,'2026-01-11 15:49:51'),(44,149,'HN0GAK',10,'P',0,'2026-01-11 15:51:02'),(45,153,'SO7FNO',10,'M',0,'2026-01-11 15:54:51'),(46,154,'SO7FNO',20,'M',0,'2026-01-11 15:56:00'),(47,157,'U8JTSO',50,'E',0,'2026-01-11 16:03:30'),(48,158,'U8JTSO',10,'E',0,'2026-01-11 16:04:52'),(49,185,NULL,0,'B',5,'2026-01-11 20:27:32'),(50,187,NULL,30,'W',82,'2026-01-11 20:29:20'),(51,189,NULL,10,'F',47,'2026-01-11 20:30:57'),(52,190,NULL,0,'C',21,'2026-01-11 20:31:21'),(53,192,NULL,70,'S',76,'2026-01-11 20:36:15'),(54,208,'KG90LH',20,'P',0,'2026-01-11 21:16:14'),(55,219,'KG90LH',30,'P',0,'2026-01-11 21:19:07'),(56,221,'N3B76A',20,'F',0,'2026-01-11 21:25:29'),(57,222,'N3B76A',10,'F',0,'2026-01-11 21:26:24'),(58,235,'SPEZV1',20,'J',0,'2026-01-11 22:24:23'),(59,237,'SPEZV1',50,'J',0,'2026-01-11 22:27:16'),(60,239,'SYEMX8',40,'K',0,'2026-01-11 22:29:21'),(61,241,'MFC7X0',30,'N',0,'2026-01-11 22:30:50'),(62,243,'MFC7X0',30,'N',0,'2026-01-11 22:32:30'),(63,245,'X8NGGC',20,'O',0,'2026-01-11 22:36:35'),(64,246,'X8NGGC',60,'O',0,'2026-01-11 22:38:03'),(65,247,NULL,30,'D',14,'2026-01-11 22:44:57'),(66,252,'D0YXYT',30,'J',0,'2026-01-11 22:45:57'),(67,254,'C3K0UO',30,'B',0,'2026-01-11 23:00:34'),(68,255,NULL,0,'R',33,'2026-01-11 23:01:39'),(69,256,NULL,0,'G',6,'2026-01-11 23:01:48'),(70,258,'C3K0UO',50,'B',0,'2026-01-11 23:03:55'),(71,260,NULL,0,'F',0,'2026-01-11 23:49:20'),(72,262,NULL,20,'S',50,'2026-01-11 23:50:19'),(73,263,NULL,60,'M',58,'2026-01-11 23:51:54'),(74,266,'UPN2J5',40,'G',0,'2026-01-11 23:54:13'),(75,267,'UPN2J5',20,'G',0,'2026-01-11 23:55:17'),(76,268,NULL,0,'N',120,'2026-01-11 23:57:49'),(77,271,'LETLON',20,'F',0,'2026-01-12 00:00:49'),(78,274,NULL,0,'B',5,'2026-01-12 10:49:01'),(79,276,NULL,50,'O',44,'2026-01-12 10:49:55'),(80,279,'EDRDMI',0,'Z',0,'2026-01-12 10:51:15'),(81,280,NULL,0,'N',0,'2026-01-12 14:00:12'),(82,283,NULL,0,'W',0,'2026-01-12 14:01:02'),(83,286,NULL,0,'Y',3,'2026-01-12 14:22:44'),(84,287,NULL,0,'Q',1,'2026-01-12 14:22:47'),(85,288,NULL,10,'P',8,'2026-01-12 14:22:58'),(86,289,NULL,0,'N',5,'2026-01-12 14:23:19'),(87,290,NULL,10,'K',9,'2026-01-12 14:23:32'),(88,291,NULL,10,'F',14,'2026-01-12 14:24:05'),(89,292,NULL,10,'A',10,'2026-01-12 14:24:36'),(90,296,NULL,0,'Z',0,'2026-01-14 12:04:50'),(91,305,NULL,0,'Q',0,'2026-01-14 12:46:58'),(92,309,NULL,0,'W',0,'2026-01-14 12:49:05'),(93,312,NULL,0,'U',0,'2026-01-14 12:50:33'),(94,314,'NNHI8W',0,'D',0,'2026-01-14 12:53:47'),(95,316,'XNQUST',20,'E',0,'2026-01-14 12:59:45'),(96,315,'XNQUST',10,'E',0,'2026-01-14 12:59:53'),(97,317,NULL,20,'E',7,'2026-01-14 13:00:17'),(98,319,NULL,20,'W',15,'2026-01-14 13:02:18'),(99,321,NULL,0,'U',0,'2026-01-14 13:03:17'),(100,322,NULL,10,'H',13,'2026-01-14 13:03:35'),(101,324,NULL,0,'V',120,'2026-01-14 13:05:52'),(102,326,'3CEB6N',0,'D',0,'2026-01-14 13:08:20'),(103,327,'3CEB6N',10,'D',0,'2026-01-14 13:09:10'),(104,329,'SWOUG3',10,'F',0,'2026-01-14 13:14:57'),(105,330,'SWOUG3',20,'F',0,'2026-01-14 13:15:34'),(106,331,'JV6JPJ',30,'T',0,'2026-01-14 13:17:15'),(107,332,'JV6JPJ',10,'T',0,'2026-01-14 13:17:40'),(108,333,'LAKO1S',20,'Q',0,'2026-01-14 13:25:11'),(109,334,'LAKO1S',20,'Q',0,'2026-01-14 13:25:54'),(110,335,NULL,0,'V',5,'2026-01-14 13:26:40'),(111,336,NULL,0,'B',120,'2026-01-14 13:28:42'),(112,337,NULL,0,'F',0,'2026-01-14 14:49:33'),(113,338,NULL,0,'F',24,'2026-01-14 14:50:01'),(114,340,'QS5AIO',10,'M',0,'2026-01-14 14:50:21'),(115,341,'QS5AIO',10,'M',0,'2026-01-14 14:50:45'),(116,342,'X0F80P',20,'Z',0,'2026-01-14 14:52:18'),(117,343,'X0F80P',20,'Z',0,'2026-01-14 14:52:58'),(118,344,NULL,10,'G',4,'2026-01-14 14:53:20');
/*!40000 ALTER TABLE `scores` ENABLE KEYS */;
UNLOCK TABLES;
/*!40103 SET TIME_ZONE=@OLD_TIME_ZONE */;

/*!40101 SET SQL_MODE=@OLD_SQL_MODE */;
/*!40014 SET FOREIGN_KEY_CHECKS=@OLD_FOREIGN_KEY_CHECKS */;
/*!40014 SET UNIQUE_CHECKS=@OLD_UNIQUE_CHECKS */;
/*!40101 SET CHARACTER_SET_CLIENT=@OLD_CHARACTER_SET_CLIENT */;
/*!40101 SET CHARACTER_SET_RESULTS=@OLD_CHARACTER_SET_RESULTS */;
/*!40101 SET COLLATION_CONNECTION=@OLD_COLLATION_CONNECTION */;
/*!40111 SET SQL_NOTES=@OLD_SQL_NOTES */;

-- Dump completed on 2026-01-14 23:14:18
